experiment,subreddit,records,errors,false_positives,false_negatives,correct,error_rate
text_only,almosthomeless,19,6,3,3,13,31.57894736842105
text_only,anxiety,147,35,29,6,112,23.809523809523807
text_only,assistance,66,10,4,6,56,15.151515151515152
text_only,domesticviolence,72,17,6,11,55,23.61111111111111
text_only,food_pantry,6,1,1,0,5,16.666666666666664
text_only,homeless,52,18,11,7,34,34.61538461538461
text_only,ptsd,127,36,17,19,91,28.346456692913385
text_only,relationships,142,47,27,20,95,33.098591549295776
text_only,stress,14,7,3,4,7,50.0
text_only,survivorsofabuse,70,25,14,11,45,35.714285714285715
text_plus_all_engineered,almosthomeless,19,5,3,2,14,26.31578947368421
text_plus_all_engineered,anxiety,147,31,22,9,116,21.08843537414966
text_plus_all_engineered,assistance,66,10,5,5,56,15.151515151515152
text_plus_all_engineered,domesticviolence,72,15,7,8,57,20.833333333333336
text_plus_all_engineered,food_pantry,6,0,0,0,6,0.0
text_plus_all_engineered,homeless,52,15,9,6,37,28.846153846153843
text_plus_all_engineered,ptsd,127,30,14,16,97,23.62204724409449
text_plus_all_engineered,relationships,142,43,21,22,99,30.28169014084507
text_plus_all_engineered,stress,14,2,1,1,12,14.285714285714285
text_plus_all_engineered,survivorsofabuse,70,21,14,7,49,30.0
text_plus_social,almosthomeless,19,6,3,3,13,31.57894736842105
text_plus_social,anxiety,147,32,28,4,115,21.768707482993197
text_plus_social,assistance,66,11,1,10,55,16.666666666666664
text_plus_social,domesticviolence,72,12,6,6,60,16.666666666666664
text_plus_social,food_pantry,6,1,1,0,5,16.666666666666664
text_plus_social,homeless,52,16,11,5,36,30.76923076923077
text_plus_social,ptsd,127,30,15,15,97,23.62204724409449
text_plus_social,relationships,142,47,25,22,95,33.098591549295776
text_plus_social,stress,14,7,3,4,7,50.0
text_plus_social,survivorsofabuse,70,23,16,7,47,32.857142857142854
