experiment,subreddit,records,errors,false_positives,false_negatives,error_rate
text_only,stress,14,7,3,4,50.0
text_only,survivorsofabuse,70,25,14,11,35.71
text_only,homeless,52,18,11,7,34.62
text_only,relationships,142,47,27,20,33.1
text_only,almosthomeless,19,6,3,3,31.58
text_only,ptsd,127,36,17,19,28.35
text_only,anxiety,147,35,29,6,23.81
text_only,domesticviolence,72,17,6,11,23.61
text_only,food_pantry,6,1,1,0,16.67
text_only,assistance,66,10,4,6,15.15
text_plus_all_engineered,relationships,142,43,21,22,30.28
text_plus_all_engineered,survivorsofabuse,70,21,14,7,30.0
text_plus_all_engineered,homeless,52,15,9,6,28.85
text_plus_all_engineered,almosthomeless,19,5,3,2,26.32
text_plus_all_engineered,ptsd,127,30,14,16,23.62
text_plus_all_engineered,anxiety,147,31,22,9,21.09
text_plus_all_engineered,domesticviolence,72,15,7,8,20.83
text_plus_all_engineered,assistance,66,10,5,5,15.15
text_plus_all_engineered,stress,14,2,1,1,14.29
text_plus_all_engineered,food_pantry,6,0,0,0,0.0
text_plus_social,stress,14,7,3,4,50.0
text_plus_social,relationships,142,47,25,22,33.1
text_plus_social,survivorsofabuse,70,23,16,7,32.86
text_plus_social,almosthomeless,19,6,3,3,31.58
text_plus_social,homeless,52,16,11,5,30.77
text_plus_social,ptsd,127,30,15,15,23.62
text_plus_social,anxiety,147,32,28,4,21.77
text_plus_social,assistance,66,11,1,10,16.67
text_plus_social,domesticviolence,72,12,6,6,16.67
text_plus_social,food_pantry,6,1,1,0,16.67
