feature,coefficient,coefficient_importance,shap_importance,coefficient_rank,shap_rank,rank_difference
lex_liwc_function,1.0183016274105634,1.0183016274105634,0.7142741582950548,1.0,1.0,0.0
lex_liwc_negemo,-0.7212514954633494,0.7212514954633494,0.5665420940625367,3.0,2.0,1.0
lex_liwc_affect,0.7256060391439598,0.7256060391439598,0.5645685479296233,2.0,3.0,1.0
lex_liwc_auxverb,-0.5332807425474794,0.5332807425474794,0.4189062272873252,4.0,4.0,0.0
lex_liwc_Clout,-0.4850008671965404,0.4850008671965404,0.4092690739166091,6.0,5.0,1.0
lex_liwc_feel,0.5154892522113809,0.5154892522113809,0.3729127398684505,5.0,6.0,1.0
lex_liwc_article,-0.4591870435936138,0.4591870435936138,0.3695536638757212,7.0,7.0,0.0
lex_liwc_Tone,-0.4045730417940169,0.4045730417940169,0.3542727899094496,9.0,8.0,1.0
lex_liwc_differ,-0.3944260133293408,0.3944260133293408,0.3122514271373567,10.0,9.0,1.0
lex_liwc_percept,-0.4342215048720461,0.4342215048720461,0.311030587115262,8.0,10.0,2.0
lex_liwc_posemo,-0.389028557553953,0.389028557553953,0.2889837285921075,11.0,11.0,0.0
lex_liwc_prep,-0.368931555387962,0.368931555387962,0.2863833345478428,12.0,12.0,0.0
lex_liwc_Apostro,0.3351038931923833,0.3351038931923833,0.2675373451652316,13.0,13.0,0.0
lex_liwc_ipron,-0.3235131455130896,0.3235131455130896,0.2562616382656005,15.0,14.0,1.0
lex_liwc_pronoun,-0.3255736396526679,0.3255736396526679,0.243145044563702,14.0,15.0,1.0
sentiment,-0.2938234074140468,0.2938234074140468,0.2273029523827685,17.0,16.0,1.0
lex_liwc_focuspresent,0.261854618119524,0.261854618119524,0.21630310290793,20.0,17.0,3.0
lex_dal_avg_pleasantness,-0.2740643530439508,0.2740643530439508,0.2162307994590576,19.0,18.0,1.0
lex_liwc_risk,0.258688578125791,0.258688578125791,0.1990426214663573,21.0,19.0,2.0
lex_liwc_conj,-0.2476207349729083,0.2476207349729083,0.1868629465793359,23.0,20.0,3.0
lex_liwc_Dic,0.2516912957413376,0.2516912957413376,0.1716980912252432,22.0,21.0,1.0
lex_liwc_anx,0.221819291256967,0.221819291256967,0.1709322556132774,26.0,22.0,4.0
lex_liwc_swear,0.1931627388068212,0.1931627388068212,0.1699501637255364,31.0,23.0,8.0
lex_liwc_shehe,-0.1973566396062279,0.1973566396062279,0.1662898450555151,30.0,24.0,6.0
lex_liwc_affiliation,0.216859068558957,0.216859068558957,0.1659670945284322,27.0,25.0,2.0
lex_liwc_hear,0.2268316126657538,0.2268316126657538,0.1614418055024342,25.0,26.0,1.0
lex_liwc_focuspast,-0.188860061316159,0.188860061316159,0.1523978928437198,33.0,27.0,6.0
lex_liwc_adverb,-0.200315015143281,0.200315015143281,0.1508239650282842,29.0,28.0,1.0
lex_dal_min_pleasantness,-0.1915365225692251,0.1915365225692251,0.1499086678759351,32.0,29.0,3.0
lex_liwc_WPS,0.2361937923032446,0.2361937923032446,0.1458509737089484,24.0,30.0,6.0
lex_liwc_drives,-0.175233140664052,0.175233140664052,0.1453670938376408,35.0,31.0,4.0
lex_liwc_social,-0.1687247496589516,0.1687247496589516,0.1402819651689627,38.0,32.0,6.0
lex_liwc_ingest,-0.2759849084537102,0.2759849084537102,0.1343302901547687,18.0,33.0,15.0
lex_liwc_power,0.1607737835030165,0.1607737835030165,0.1339843785753368,41.0,34.0,7.0
lex_liwc_informal,-0.1681138713225232,0.1681138713225232,0.1339468987546368,39.0,35.0,4.0
lex_liwc_anger,0.1718518513814794,0.1718518513814794,0.1336069683905758,36.0,36.0,0.0
lex_dal_avg_imagery,0.1712118070311321,0.1712118070311321,0.1300698485905928,37.0,37.0,0.0
lex_liwc_space,-0.1500582353106626,0.1500582353106626,0.124473069314171,45.0,38.0,7.0
lex_liwc_i,0.1619287469858722,0.1619287469858722,0.1234881063022027,40.0,39.0,1.0
lex_liwc_WC,0.1517011450322071,0.1517011450322071,0.1146373232493373,44.0,40.0,4.0
lex_liwc_bio,0.1562067748687794,0.1562067748687794,0.1055193958961547,43.0,41.0,2.0
lex_liwc_Comma,-0.1366285191166599,0.1366285191166599,0.1027417711152142,47.0,42.0,5.0
lex_liwc_home,0.1421929226189809,0.1421929226189809,0.1023937637754982,46.0,43.0,3.0
lex_liwc_discrep,-0.1260955161774014,0.1260955161774014,0.0966315759610135,48.0,44.0,4.0
lex_liwc_negate,-0.1238691554520452,0.1238691554520452,0.0946532459319291,49.0,45.0,4.0
lex_liwc_sad,0.1231217729305128,0.1231217729305128,0.0900688845582899,50.0,46.0,4.0
lex_liwc_insight,-0.1103362571057184,0.1103362571057184,0.0870171651638052,58.0,47.0,11.0
lex_liwc_cogproc,0.1100453447788827,0.1100453447788827,0.0867726278012738,59.0,48.0,11.0
lex_liwc_tentat,0.1109992902895374,0.1109992902895374,0.0844620983024515,57.0,49.0,8.0
lex_liwc_QMark,0.3057776949080508,0.3057776949080508,0.0826339810650424,16.0,50.0,34.0
lex_liwc_friend,0.1224888590496893,0.1224888590496893,0.0822810423366686,51.0,51.0,0.0
lex_liwc_they,-0.1168106975733161,0.1168106975733161,0.0813126066689067,52.0,52.0,0.0
lex_liwc_leisure,-0.1147179302349089,0.1147179302349089,0.0794418445902602,54.0,53.0,1.0
lex_liwc_death,0.2020627114789656,0.2020627114789656,0.0766141616530256,28.0,54.0,26.0
lex_liwc_body,-0.1124910128239005,0.1124910128239005,0.0763956068121738,55.0,55.0,0.0
lex_liwc_male,0.0943758514120492,0.0943758514120492,0.073301300473973,61.0,56.0,5.0
lex_liwc_see,0.1123325176683401,0.1123325176683401,0.0709000918416419,56.0,57.0,1.0
lex_liwc_you,-0.1147282585883001,0.1147282585883001,0.0645404380520339,53.0,58.0,5.0
lex_liwc_work,0.0759007616215903,0.0759007616215903,0.0549096783368624,64.0,59.0,5.0
lex_liwc_compare,-0.0727162184749952,0.0727162184749952,0.0546503220043163,66.0,60.0,6.0
lex_liwc_focusfuture,-0.0735492995096912,0.0735492995096912,0.0545030062505809,65.0,61.0,4.0
lex_dal_min_activation,-0.0721923827882216,0.0721923827882216,0.0538027815788531,68.0,62.0,6.0
lex_dal_max_imagery,0.0889765229357487,0.0889765229357487,0.0526700104635711,62.0,63.0,1.0
lex_liwc_interrog,0.0723254190518993,0.0723254190518993,0.0522234269200362,67.0,64.0,3.0
lex_liwc_sexual,0.0678966436581034,0.0678966436581034,0.0518295823508378,72.0,65.0,7.0
lex_liwc_Analytic,-0.0624968470551852,0.0624968470551852,0.0510191348011628,76.0,66.0,10.0
lex_liwc_ppron,-0.0685387536668453,0.0685387536668453,0.0508931373181721,71.0,67.0,4.0
lex_liwc_reward,0.0639920938576105,0.0639920938576105,0.0506018650581235,74.0,68.0,6.0
lex_liwc_Quote,-0.070830312362739,0.070830312362739,0.0483930903763341,69.0,69.0,0.0
lex_liwc_certain,0.0590008501005487,0.0590008501005487,0.0454337884265665,79.0,70.0,9.0
lex_liwc_netspeak,0.068752500655084,0.068752500655084,0.0440054240970497,70.0,71.0,1.0
lex_dal_avg_activation,0.0554826590473215,0.0554826590473215,0.0434899249227395,80.0,72.0,8.0
lex_liwc_Parenth,-0.0618898027228303,0.0618898027228303,0.0428728819839628,77.0,73.0,4.0
lex_liwc_quant,-0.0512124089311951,0.0512124089311951,0.0395998259461043,84.0,74.0,10.0
lex_liwc_nonflu,0.0678561637183057,0.0678561637183057,0.0388734022639852,73.0,75.0,2.0
lex_dal_max_activation,0.0430452566989878,0.0430452566989878,0.0383876279508129,86.0,76.0,10.0
lex_liwc_Period,0.0533041285033867,0.0533041285033867,0.0331676018108605,83.0,77.0,6.0
lex_liwc_Colon,-0.063727297339139,0.063727297339139,0.0319949474993343,75.0,78.0,3.0
lex_liwc_AllPunc,-0.0765804647333503,0.0765804647333503,0.031579425765091,63.0,79.0,16.0
lex_liwc_Sixltr,0.0418685012068767,0.0418685012068767,0.0307689983408356,87.0,80.0,7.0
social_karma,-0.1564855398983204,0.1564855398983204,0.0304463973660039,42.0,81.0,39.0
syntax_ari,-0.0387736398084928,0.0387736398084928,0.0292040063890037,89.0,82.0,7.0
lex_dal_max_pleasantness,-0.0353847885182432,0.0353847885182432,0.0276113825740576,91.0,83.0,8.0
social_num_comments,0.0607194275121099,0.0607194275121099,0.0257461037853507,78.0,84.0,6.0
lex_liwc_Exclam,-0.1084220616737264,0.1084220616737264,0.0253252285688131,60.0,85.0,25.0
lex_liwc_OtherP,-0.1836730980273925,0.1836730980273925,0.0249817731370773,34.0,86.0,52.0
lex_liwc_Dash,-0.0551456867346715,0.0551456867346715,0.0245358405661488,81.0,87.0,6.0
lex_liwc_cause,-0.030792070125401,0.030792070125401,0.0234442221366811,92.0,88.0,4.0
lex_liwc_number,0.0297848178563342,0.0297848178563342,0.0219680509226273,93.0,89.0,4.0
lex_liwc_family,0.0286843107801984,0.0286843107801984,0.0212806589629108,94.0,90.0,4.0
lex_liwc_SemiC,-0.0541166959137944,0.0541166959137944,0.0212557536897912,82.0,91.0,9.0
lex_liwc_adj,-0.0256883638686296,0.0256883638686296,0.019903165923573,95.0,92.0,3.0
lex_liwc_motion,-0.0236552143707408,0.0236552143707408,0.0187006401499022,96.0,93.0,3.0
lex_liwc_female,-0.0225439289854406,0.0225439289854406,0.0182865206163378,97.0,94.0,3.0
lex_liwc_assent,0.0414137741243856,0.0414137741243856,0.017797519691608,88.0,95.0,7.0
lex_liwc_relig,-0.0370780090764494,0.0370780090764494,0.017076784554318,90.0,96.0,6.0
lex_liwc_filler,-0.0494277347881757,0.0494277347881757,0.0152832171064522,85.0,97.0,12.0
social_timestamp,-0.01841464970418,0.01841464970418,0.0151839635014818,98.0,98.0,0.0
social_upvote_ratio,0.0173601662092838,0.0173601662092838,0.0143548336041626,100.0,99.0,1.0
lex_liwc_health,0.0176394125226312,0.0176394125226312,0.0120739261068887,99.0,100.0,1.0
syntax_fk_grade,-0.0157566959630622,0.0157566959630622,0.0116630623632156,101.0,101.0,0.0
lex_liwc_achieve,0.0154151508522325,0.0154151508522325,0.0112989452152321,102.0,102.0,0.0
lex_liwc_verb,-0.0110658063968431,0.0110658063968431,0.0084934737019113,103.0,103.0,0.0
lex_liwc_we,-0.0072983958573846,0.0072983958573846,0.0050763895325963,104.0,104.0,0.0
lex_liwc_relativ,-0.0052687999965749,0.0052687999965749,0.0041547019742673,105.0,105.0,0.0
lex_liwc_money,-0.0026625217770479,0.0026625217770479,0.0017040029290489,106.0,106.0,0.0
lex_liwc_Authentic,-0.0012684838131868,0.0012684838131868,0.0010978027498691,107.0,107.0,0.0
lex_liwc_time,0.0009954675467592,0.0009954675467592,0.0007746747614379,108.0,108.0,0.0
lex_dal_min_imagery,-2.656735180610329e-05,2.656735180610329e-05,1.635134547672119e-06,109.0,109.0,0.0
