experiment,test_row_index,id,post_id,subreddit,actual_label,predicted_label,class_1_score,text_length,error_type,score_distance_from_threshold,score_band,text_length_band
text_only,49,1121,9ohoj8,anxiety,1,0,0.49986911906372,261,false_negative,0.00013088093627999786,0.4-0.6,251-500
text_only,273,21556,7gpi8f,almosthomeless,1,0,0.4996231484146849,483,false_negative,0.00037685158531508556,0.4-0.6,251-500
text_plus_social,183,26193,7s9b0x,ptsd,1,0,0.4989723655515479,427,false_negative,0.0010276344484521083,0.4-0.6,251-500
text_only,690,527,9i810q,anxiety,1,0,0.4987240507087531,288,false_negative,0.001275949291246914,0.4-0.6,251-500
text_plus_social,660,11048,8cmu3d,survivorsofabuse,1,0,0.4986313804136478,397,false_negative,0.0013686195863522044,0.4-0.6,251-500
text_only,218,620,62v95o,homeless,1,0,0.4980369217641809,316,false_negative,0.0019630782358190935,0.4-0.6,251-500
text_only,136,460,8h3nuu,ptsd,1,0,0.4979677248569935,349,false_negative,0.0020322751430065233,0.4-0.6,251-500
text_plus_all_engineered,332,23598,8gayhz,assistance,1,0,0.4962182180223202,487,false_negative,0.00378178197767981,0.4-0.6,251-500
text_plus_social,714,1519,7uueuc,assistance,1,0,0.4954411319532839,316,false_negative,0.004558868046716125,0.4-0.6,251-500
text_plus_all_engineered,493,26210,6m23i6,anxiety,1,0,0.4951585458031634,320,false_negative,0.004841454196836625,0.4-0.6,251-500
text_only,379,19,607nub,ptsd,1,0,0.494627032210808,498,false_negative,0.005372967789191996,0.4-0.6,251-500
text_plus_social,690,527,9i810q,anxiety,1,0,0.493156679669228,288,false_negative,0.006843320330772007,0.4-0.6,251-500
text_only,437,1098,7p21zv,relationships,1,0,0.493137969770231,247,false_negative,0.006862030229769001,0.4-0.6,101-250
text_only,139,477,7rivr6,relationships,1,0,0.492589295973461,494,false_negative,0.007410704026538983,0.4-0.6,251-500
text_only,322,18528,78sid3,ptsd,1,0,0.4921715328426706,410,false_negative,0.007828467157329377,0.4-0.6,251-500
text_plus_all_engineered,364,2348,7p3vov,relationships,1,0,0.4916781578560827,274,false_negative,0.00832184214391729,0.4-0.6,251-500
text_only,90,33410,8ziz81,domesticviolence,1,0,0.4913814350022218,364,false_negative,0.008618564997778189,0.4-0.6,251-500
text_only,559,742,7rl0w5,domesticviolence,1,0,0.491212275834672,368,false_negative,0.008787724165328026,0.4-0.6,251-500
text_only,663,683,8yigx3,homeless,1,0,0.4909256087965682,535,false_negative,0.009074391203431786,0.4-0.6,501-1000
text_only,280,13566,94mitv,ptsd,1,0,0.4907707575726545,536,false_negative,0.009229242427345519,0.4-0.6,501-1000
text_plus_social,273,21556,7gpi8f,almosthomeless,1,0,0.4892555421423109,483,false_negative,0.010744457857689127,0.4-0.6,251-500
text_plus_all_engineered,466,840,6e4s9g,anxiety,1,0,0.4883796726507973,395,false_negative,0.011620327349202708,0.4-0.6,251-500
text_only,541,13512,7rdo7u,relationships,1,0,0.4883760164658137,651,false_negative,0.01162398353418631,0.4-0.6,501-1000
text_plus_all_engineered,657,205,9ldmy1,ptsd,1,0,0.4869555604250755,291,false_negative,0.013044439574924516,0.4-0.6,251-500
text_only,320,811,5xyg0k,domesticviolence,1,0,0.4864515156542535,602,false_negative,0.013548484345746514,0.4-0.6,501-1000
text_only,682,22731,9ovois,ptsd,1,0,0.486381346160361,365,false_negative,0.013618653839639006,0.4-0.6,251-500
text_only,225,1304,77mvd7,survivorsofabuse,1,0,0.4863238389028392,254,false_negative,0.0136761610971608,0.4-0.6,251-500
text_only,309,196,8c6fwz,domesticviolence,1,0,0.485328156630607,478,false_negative,0.014671843369392978,0.4-0.6,251-500
text_plus_social,262,25717,9bogpg,ptsd,1,0,0.4850160005458545,506,false_negative,0.014983999454145525,0.4-0.6,501-1000
text_plus_social,465,214,9vo5qb,stress,1,0,0.4847882153493859,437,false_negative,0.015211784650614124,0.4-0.6,251-500
text_plus_social,181,661,7qx6c6,relationships,1,0,0.4837747189545262,579,false_negative,0.016225281045473827,0.4-0.6,501-1000
text_plus_social,12,53256,7vhnbx,ptsd,1,0,0.4831710805081294,363,false_negative,0.016828919491870598,0.4-0.6,251-500
text_only,348,1415,821a66,ptsd,1,0,0.4827866467710477,482,false_negative,0.01721335322895229,0.4-0.6,251-500
text_plus_social,108,28894,7tnhfg,relationships,1,0,0.4821205738021514,604,false_negative,0.017879426197848602,0.4-0.6,501-1000
text_plus_all_engineered,107,40519,9hbaxo,survivorsofabuse,1,0,0.4815704421789472,317,false_negative,0.018429557821052822,0.4-0.6,251-500
text_only,70,5012,9cfw8v,domesticviolence,1,0,0.4814559086379549,408,false_negative,0.0185440913620451,0.4-0.6,251-500
text_plus_social,322,18528,78sid3,ptsd,1,0,0.480247821202625,410,false_negative,0.01975217879737501,0.4-0.6,251-500
text_only,12,53256,7vhnbx,ptsd,1,0,0.47977965707811,363,false_negative,0.02022034292189001,0.4-0.6,251-500
text_only,676,16996,84axfy,anxiety,1,0,0.4786024910349118,555,false_negative,0.021397508965088186,0.4-0.6,501-1000
text_plus_social,554,39231,9vzr9p,ptsd,1,0,0.4785101075967081,494,false_negative,0.02148989240329191,0.4-0.6,251-500
text_only,475,44474,7qwq2r,relationships,1,0,0.4781458011994159,545,false_negative,0.02185419880058409,0.4-0.6,501-1000
text_only,554,39231,9vzr9p,ptsd,1,0,0.4780417436551532,494,false_negative,0.021958256344846827,0.4-0.6,251-500
text_only,344,689,7ytum9,survivorsofabuse,1,0,0.4773018037851844,458,false_negative,0.022698196214815614,0.4-0.6,251-500
text_plus_social,441,43960,5sxht7,ptsd,1,0,0.47721411608762,386,false_negative,0.02278588391238001,0.4-0.6,251-500
text_only,180,1654,6zraud,survivorsofabuse,1,0,0.4770331338423765,724,false_negative,0.0229668661576235,0.4-0.6,501-1000
text_only,660,11048,8cmu3d,survivorsofabuse,1,0,0.4748573640640369,397,false_negative,0.02514263593596311,0.4-0.6,251-500
text_plus_social,706,541,94ejzh,domesticviolence,1,0,0.4744129667415426,581,false_negative,0.025587033258457403,0.4-0.6,501-1000
text_only,463,44,7imi2b,ptsd,1,0,0.4730868349777287,408,false_negative,0.026913165022271313,0.4-0.6,251-500
text_only,183,26193,7s9b0x,ptsd,1,0,0.4728163911468723,427,false_negative,0.027183608853127705,0.4-0.6,251-500
text_plus_social,639,308,97of6c,homeless,1,0,0.4726436207933477,335,false_negative,0.027356379206652293,0.4-0.6,251-500
text_plus_social,463,44,7imi2b,ptsd,1,0,0.4725879956025771,408,false_negative,0.027412004397422918,0.4-0.6,251-500
text_plus_all_engineered,160,2317,7sksgq,relationships,1,0,0.4722911582167086,467,false_negative,0.027708841783291416,0.4-0.6,251-500
text_plus_social,511,708,8by20k,assistance,1,0,0.4719495736600268,476,false_negative,0.028050426339973178,0.4-0.6,251-500
text_only,211,38391,8almqi,assistance,1,0,0.4713208182977246,349,false_negative,0.028679181702275403,0.4-0.6,251-500
text_only,193,1094,9x634b,stress,1,0,0.4704137636224587,861,false_negative,0.02958623637754132,0.4-0.6,501-1000
text_only,468,792,7u32tf,anxiety,1,0,0.469398717106706,618,false_negative,0.030601282893294002,0.4-0.6,501-1000
text_plus_social,365,650,68jazy,ptsd,1,0,0.4682749248187763,240,false_negative,0.031725075181223694,0.4-0.6,101-250
text_plus_social,33,61,7p30ks,relationships,1,0,0.465966759604097,326,false_negative,0.034033240395903,0.4-0.6,251-500
text_plus_social,483,43574,875mks,survivorsofabuse,1,0,0.4659306097257151,351,false_negative,0.034069390274284905,0.4-0.6,251-500
text_plus_social,594,419,9jtplw,stress,1,0,0.46509763155025,365,false_negative,0.034902368449749976,0.4-0.6,251-500
text_plus_social,373,12639,8iykmv,survivorsofabuse,1,0,0.4639885067155426,649,false_negative,0.03601149328445741,0.4-0.6,501-1000
text_only,239,272,6dx8hm,ptsd,1,0,0.4624792072401952,304,false_negative,0.0375207927598048,0.4-0.6,251-500
text_only,441,43960,5sxht7,ptsd,1,0,0.4622379896368778,386,false_negative,0.03776201036312221,0.4-0.6,251-500
text_only,200,357,8gb44o,survivorsofabuse,1,0,0.4618003512085491,218,false_negative,0.03819964879145088,0.4-0.6,101-250
text_only,106,275,5q8pe7,survivorsofabuse,1,0,0.4616972036566662,563,false_negative,0.03830279634333378,0.4-0.6,501-1000
text_plus_all_engineered,534,1636,8tga1d,anxiety,1,0,0.460550498004376,276,false_negative,0.039449501995624026,0.4-0.6,251-500
text_plus_all_engineered,320,811,5xyg0k,domesticviolence,1,0,0.4563771246222102,602,false_negative,0.043622875377789805,0.4-0.6,501-1000
text_plus_social,211,38391,8almqi,assistance,1,0,0.4561470764977829,349,false_negative,0.04385292350221709,0.4-0.6,251-500
text_only,533,1038,9m044t,survivorsofabuse,1,0,0.4552338467629803,387,false_negative,0.04476615323701971,0.4-0.6,251-500
text_only,483,43574,875mks,survivorsofabuse,1,0,0.4543701987886043,351,false_negative,0.045629801211395704,0.4-0.6,251-500
text_plus_all_engineered,280,13566,94mitv,ptsd,1,0,0.4537212952972172,536,false_negative,0.04627870470278278,0.4-0.6,501-1000
text_plus_social,106,275,5q8pe7,survivorsofabuse,1,0,0.4532420000430243,563,false_negative,0.046757999956975715,0.4-0.6,501-1000
text_plus_social,688,37242,7q3uqt,relationships,1,0,0.4530815836705131,591,false_negative,0.0469184163294869,0.4-0.6,501-1000
text_plus_all_engineered,151,1854,7nqcwp,relationships,1,0,0.4526277912186597,280,false_negative,0.0473722087813403,0.4-0.6,251-500
text_plus_social,53,53,9i1o0k,homeless,1,0,0.4517792475242167,293,false_negative,0.04822075247578328,0.4-0.6,251-500
text_plus_social,207,402,8o7kgo,domesticviolence,1,0,0.4516282992241159,371,false_negative,0.0483717007758841,0.4-0.6,251-500
text_plus_social,271,1216,9lmd5u,ptsd,1,0,0.4514656137893291,127,false_negative,0.04853438621067091,0.4-0.6,101-250
text_only,465,214,9vo5qb,stress,1,0,0.4490322058795485,437,false_negative,0.05096779412045149,0.4-0.6,251-500
text_plus_social,565,25139,5z0786,almosthomeless,1,0,0.4484804071546273,428,false_negative,0.05151959284537272,0.4-0.6,251-500
text_plus_all_engineered,359,52618,8ncv6y,homeless,1,0,0.448394473550634,477,false_negative,0.051605526449366,0.4-0.6,251-500
text_only,497,1104,6jul5i,anxiety,1,0,0.4472887939071451,411,false_negative,0.0527112060928549,0.4-0.6,251-500
text_only,365,650,68jazy,ptsd,1,0,0.446715725932055,240,false_negative,0.053284274067945,0.4-0.6,101-250
text_only,706,541,94ejzh,domesticviolence,1,0,0.4456064586308518,581,false_negative,0.0543935413691482,0.4-0.6,501-1000
text_plus_social,420,17486,83blxj,domesticviolence,1,0,0.4439536935653577,372,false_negative,0.05604630643464231,0.4-0.6,251-500
text_plus_all_engineered,660,11048,8cmu3d,survivorsofabuse,1,0,0.4438951496371977,397,false_negative,0.05610485036280233,0.4-0.6,251-500
text_only,253,664,7bd2ei,domesticviolence,1,0,0.4422754757583755,379,false_negative,0.0577245242416245,0.4-0.6,251-500
text_plus_social,541,13512,7rdo7u,relationships,1,0,0.4407113772655016,651,false_negative,0.05928862273449842,0.4-0.6,501-1000
text_plus_social,105,1783,7h8avw,homeless,1,0,0.4384359125442661,405,false_negative,0.061564087455733885,0.4-0.6,251-500
text_plus_social,519,475,6qat5o,ptsd,1,0,0.4380137193328024,442,false_negative,0.06198628066719758,0.4-0.6,251-500
text_plus_all_engineered,495,1088,6m23i6,anxiety,1,0,0.4372210186873406,224,false_negative,0.06277898131265941,0.4-0.6,101-250
text_plus_all_engineered,613,1646,8lnloq,anxiety,1,0,0.4364254182661808,266,false_negative,0.06357458173381919,0.4-0.6,251-500
text_plus_social,239,272,6dx8hm,ptsd,1,0,0.4352745194368864,304,false_negative,0.06472548056311361,0.4-0.6,251-500
text_plus_social,253,664,7bd2ei,domesticviolence,1,0,0.4322973230311056,379,false_negative,0.06770267696889443,0.4-0.6,251-500
text_only,373,12639,8iykmv,survivorsofabuse,1,0,0.432268491408272,649,false_negative,0.067731508591728,0.4-0.6,501-1000
text_only,639,308,97of6c,homeless,1,0,0.4315970989371532,335,false_negative,0.0684029010628468,0.4-0.6,251-500
text_plus_social,285,1504,78kp8h,domesticviolence,1,0,0.4311876281010517,115,false_negative,0.06881237189894829,0.4-0.6,101-250
text_only,53,53,9i1o0k,homeless,1,0,0.4297974907566635,293,false_negative,0.07020250924333649,0.4-0.6,251-500
text_plus_all_engineered,30,24942,9vhgbm,anxiety,1,0,0.429730895171628,502,false_negative,0.07026910482837201,0.4-0.6,501-1000
text_plus_all_engineered,683,504,9ovois,ptsd,1,0,0.4289214250518055,309,false_negative,0.07107857494819447,0.4-0.6,251-500
text_only,594,419,9jtplw,stress,1,0,0.4286021104361766,365,false_negative,0.07139788956382342,0.4-0.6,251-500
text_plus_social,510,709,9b9zkv,domesticviolence,1,0,0.4283523961088185,890,false_negative,0.07164760389118152,0.4-0.6,501-1000
text_only,567,2160,7ndv9b,relationships,1,0,0.4269745333038426,450,false_negative,0.07302546669615739,0.4-0.6,251-500
text_plus_social,567,2160,7ndv9b,relationships,1,0,0.4260739680439037,450,false_negative,0.07392603195609632,0.4-0.6,251-500
text_plus_social,482,573,7p945u,relationships,1,0,0.4254273592984076,439,false_negative,0.07457264070159242,0.4-0.6,251-500
text_plus_all_engineered,291,1399,7o0wmh,relationships,1,0,0.4250279171956452,802,false_negative,0.0749720828043548,0.4-0.6,501-1000
text_only,699,8275,8rvmhg,ptsd,1,0,0.4245775972262437,306,false_negative,0.07542240277375628,0.4-0.6,251-500
text_plus_all_engineered,510,709,9b9zkv,domesticviolence,1,0,0.424573789511921,890,false_negative,0.07542621048807902,0.4-0.6,501-1000
text_plus_social,661,1605,5yatou,anxiety,1,0,0.423344008527631,505,false_negative,0.07665599147236901,0.4-0.6,501-1000
text_plus_social,563,27186,5za8cn,ptsd,1,0,0.4231197212421274,303,false_negative,0.07688027875787262,0.4-0.6,251-500
text_plus_social,332,23598,8gayhz,assistance,1,0,0.4222857648601947,487,false_negative,0.0777142351398053,0.4-0.6,251-500
text_plus_social,699,8275,8rvmhg,ptsd,1,0,0.4217279961801373,306,false_negative,0.07827200381986271,0.4-0.6,251-500
text_only,271,1216,9lmd5u,ptsd,1,0,0.4213779948236678,127,false_negative,0.07862200517633222,0.4-0.6,101-250
text_only,421,1584,8406p8,assistance,1,0,0.4209991213139122,410,false_negative,0.0790008786860878,0.4-0.6,251-500
text_only,207,402,8o7kgo,domesticviolence,1,0,0.4202428750916775,371,false_negative,0.07975712490832249,0.4-0.6,251-500
text_only,33,61,7p30ks,relationships,1,0,0.4189447674357353,326,false_negative,0.08105523256426472,0.4-0.6,251-500
text_plus_social,607,32700,93vhjc,survivorsofabuse,1,0,0.4186975250048337,399,false_negative,0.0813024749951663,0.4-0.6,251-500
text_only,711,2212,7oeyuc,relationships,1,0,0.4163070081250161,373,false_negative,0.08369299187498391,0.4-0.6,251-500
text_only,105,1783,7h8avw,homeless,1,0,0.4158272081321156,405,false_negative,0.0841727918678844,0.4-0.6,251-500
text_plus_social,335,36366,6x8wt5,ptsd,1,0,0.4157310395367578,457,false_negative,0.08426896046324223,0.4-0.6,251-500
text_only,552,1515,7qj4uh,relationships,1,0,0.4133755275911934,232,false_negative,0.08662447240880661,0.4-0.6,101-250
text_only,565,25139,5z0786,almosthomeless,1,0,0.4132135374030114,428,false_negative,0.08678646259698858,0.4-0.6,251-500
text_plus_social,497,1104,6jul5i,anxiety,1,0,0.4121376692121747,411,false_negative,0.0878623307878253,0.4-0.6,251-500
text_plus_social,437,1098,7p21zv,relationships,1,0,0.4113838758795855,247,false_negative,0.08861612412041447,0.4-0.6,101-250
text_plus_all_engineered,136,460,8h3nuu,ptsd,1,0,0.4100362679646722,349,false_negative,0.08996373203532781,0.4-0.6,251-500
text_only,607,32700,93vhjc,survivorsofabuse,1,0,0.4094022209663064,399,false_negative,0.09059777903369359,0.4-0.6,251-500
text_only,332,23598,8gayhz,assistance,1,0,0.408441289450794,487,false_negative,0.091558710549206,0.4-0.6,251-500
text_only,532,31149,7rioq1,relationships,1,0,0.4082873989581392,494,false_negative,0.0917126010418608,0.4-0.6,251-500
text_only,285,1504,78kp8h,domesticviolence,1,0,0.4082419191327819,115,false_negative,0.0917580808672181,0.4-0.6,101-250
text_plus_social,514,1596,8fv8ze,assistance,1,0,0.4068739212557183,326,false_negative,0.09312607874428169,0.4-0.6,251-500
text_plus_all_engineered,282,336,99f89t,ptsd,1,0,0.4064408617622384,233,false_negative,0.09355913823776157,0.4-0.6,101-250
text_only,420,17486,83blxj,domesticviolence,1,0,0.4063101199798488,372,false_negative,0.09368988002015122,0.4-0.6,251-500
text_plus_social,533,1038,9m044t,survivorsofabuse,1,0,0.4062667219631297,387,false_negative,0.09373327803687032,0.4-0.6,251-500
text_only,324,1123,7pxhvl,relationships,1,0,0.4060377423524129,496,false_negative,0.09396225764758709,0.4-0.6,251-500
text_only,335,36366,6x8wt5,ptsd,1,0,0.4052348899659052,457,false_negative,0.09476511003409482,0.4-0.6,251-500
text_plus_social,422,47842,9g4u6n,homeless,1,0,0.403346392236926,335,false_negative,0.09665360776307402,0.4-0.6,251-500
text_plus_social,193,1094,9x634b,stress,1,0,0.4010906961172427,861,false_negative,0.09890930388275732,0.4-0.6,501-1000
text_only,688,37242,7q3uqt,relationships,1,0,0.4007604274528535,591,false_negative,0.09923957254714649,0.4-0.6,501-1000
text_plus_social,257,93,8z4bps,assistance,1,0,0.4007483166861944,519,false_negative,0.09925168331380563,0.4-0.6,501-1000
text_plus_social,552,1515,7qj4uh,relationships,1,0,0.4000390279263505,232,false_negative,0.09996097207364951,0.4-0.6,101-250
text_only,422,47842,9g4u6n,homeless,1,0,0.3999700017301791,335,false_negative,0.1000299982698209,0.2-0.4,251-500
text_plus_all_engineered,696,11468,7npp4f,relationships,1,0,0.3993687014034962,459,false_negative,0.10063129859650383,0.2-0.4,251-500
text_plus_all_engineered,397,2364,7pvsnk,relationships,1,0,0.3993133209950359,398,false_negative,0.10068667900496409,0.2-0.4,251-500
text_only,519,475,6qat5o,ptsd,1,0,0.3973899351640741,442,false_negative,0.10261006483592588,0.2-0.4,251-500
text_plus_all_engineered,559,742,7rl0w5,domesticviolence,1,0,0.3950850725436254,368,false_negative,0.1049149274563746,0.2-0.4,251-500
text_only,661,1605,5yatou,anxiety,1,0,0.3913246051481383,505,false_negative,0.10867539485186167,0.2-0.4,501-1000
text_only,510,709,9b9zkv,domesticviolence,1,0,0.3847548894198115,890,false_negative,0.11524511058018849,0.2-0.4,501-1000
text_only,563,27186,5za8cn,ptsd,1,0,0.3846233915469665,303,false_negative,0.11537660845303349,0.2-0.4,251-500
text_plus_all_engineered,565,25139,5z0786,almosthomeless,1,0,0.3838021915286358,428,false_negative,0.11619780847136418,0.2-0.4,251-500
text_only,423,24,9g4u6n,homeless,1,0,0.3822940832914885,394,false_negative,0.1177059167085115,0.2-0.4,251-500
text_only,195,1318,5z78hc,assistance,1,0,0.3789809217356352,429,false_negative,0.12101907826436481,0.2-0.4,251-500
text_plus_social,423,24,9g4u6n,homeless,1,0,0.3772574935110639,394,false_negative,0.12274250648893609,0.2-0.4,251-500
text_plus_all_engineered,688,37242,7q3uqt,relationships,1,0,0.3753426075479885,591,false_negative,0.12465739245201152,0.2-0.4,501-1000
text_plus_social,421,1584,8406p8,assistance,1,0,0.3742348163037855,410,false_negative,0.12576518369621448,0.2-0.4,251-500
text_plus_social,139,477,7rivr6,relationships,1,0,0.3733923539981371,494,false_negative,0.12660764600186292,0.2-0.4,251-500
text_only,558,33288,7q0b1b,relationships,1,0,0.3732173604005581,406,false_negative,0.12678263959944192,0.2-0.4,251-500
text_only,435,46814,7nk6dx,relationships,1,0,0.3717834989713129,437,false_negative,0.1282165010286871,0.2-0.4,251-500
text_only,647,206,7lz8ml,assistance,1,0,0.3717056921969583,462,false_negative,0.12829430780304169,0.2-0.4,251-500
text_plus_social,647,206,7lz8ml,assistance,1,0,0.3688546184928012,462,false_negative,0.1311453815071988,0.2-0.4,251-500
text_plus_social,558,33288,7q0b1b,relationships,1,0,0.3657535668036006,406,false_negative,0.1342464331963994,0.2-0.4,251-500
text_plus_all_engineered,676,16996,84axfy,anxiety,1,0,0.3651203703706805,555,false_negative,0.1348796296293195,0.2-0.4,501-1000
text_plus_social,195,1318,5z78hc,assistance,1,0,0.3647990903332837,429,false_negative,0.13520090966671627,0.2-0.4,251-500
text_plus_all_engineered,105,1783,7h8avw,homeless,1,0,0.3634309760183895,405,false_negative,0.13656902398161053,0.2-0.4,251-500
text_only,389,1449,7s4284,relationships,1,0,0.3631320760452914,279,false_negative,0.1368679239547086,0.2-0.4,251-500
text_plus_all_engineered,511,708,8by20k,assistance,1,0,0.3630205784368974,476,false_negative,0.1369794215631026,0.2-0.4,251-500
text_plus_social,711,2212,7oeyuc,relationships,1,0,0.3610659025710577,373,false_negative,0.1389340974289423,0.2-0.4,251-500
text_plus_social,173,18787,7oy484,relationships,1,0,0.3536246749837378,404,false_negative,0.14637532501626221,0.2-0.4,251-500
text_only,173,18787,7oy484,relationships,1,0,0.3529017831684768,404,false_negative,0.1470982168315232,0.2-0.4,251-500
text_plus_all_engineered,94,48667,8oerlq,anxiety,1,0,0.351883046548529,450,false_negative,0.14811695345147102,0.2-0.4,251-500
text_plus_all_engineered,262,25717,9bogpg,ptsd,1,0,0.3517286604378679,506,false_negative,0.14827133956213212,0.2-0.4,501-1000
text_plus_social,566,6333,8olck0,ptsd,1,0,0.3508889144473945,494,false_negative,0.1491110855526055,0.2-0.4,251-500
text_plus_all_engineered,106,275,5q8pe7,survivorsofabuse,1,0,0.3508146712244462,563,false_negative,0.1491853287755538,0.2-0.4,501-1000
text_plus_all_engineered,239,272,6dx8hm,ptsd,1,0,0.3500422758728301,304,false_negative,0.1499577241271699,0.2-0.4,251-500
text_plus_all_engineered,183,26193,7s9b0x,ptsd,1,0,0.348372515790726,427,false_negative,0.15162748420927402,0.2-0.4,251-500
text_plus_social,389,1449,7s4284,relationships,1,0,0.3471260752773915,279,false_negative,0.15287392472260852,0.2-0.4,251-500
text_plus_social,507,1631,7pcjrr,stress,1,0,0.3468399986466785,230,false_negative,0.15316000135332147,0.2-0.4,101-250
text_plus_social,615,14650,6azpu0,survivorsofabuse,1,0,0.3450090209928486,514,false_negative,0.15499097900715142,0.2-0.4,501-1000
text_only,451,605,7qxc9i,relationships,1,0,0.3444094606338856,452,false_negative,0.1555905393661144,0.2-0.4,251-500
text_only,291,1399,7o0wmh,relationships,1,0,0.3441689541133158,802,false_negative,0.15583104588668423,0.2-0.4,501-1000
text_plus_social,532,31149,7rioq1,relationships,1,0,0.3430288014266809,494,false_negative,0.1569711985733191,0.2-0.4,251-500
text_only,615,14650,6azpu0,survivorsofabuse,1,0,0.3398831566133388,514,false_negative,0.1601168433866612,0.2-0.4,501-1000
text_plus_all_engineered,236,13727,5z6w8e,anxiety,1,0,0.3373009689613231,324,false_negative,0.1626990310386769,0.2-0.4,251-500
text_plus_all_engineered,70,5012,9cfw8v,domesticviolence,1,0,0.3350093832640102,408,false_negative,0.1649906167359898,0.2-0.4,251-500
text_plus_social,451,605,7qxc9i,relationships,1,0,0.3245289078311943,452,false_negative,0.1754710921688057,0.2-0.4,251-500
text_plus_social,516,37177,7zgmgv,almosthomeless,1,0,0.3241840061699154,575,false_negative,0.17581599383008462,0.2-0.4,501-1000
text_only,566,6333,8olck0,ptsd,1,0,0.3160175271657741,494,false_negative,0.18398247283422592,0.2-0.4,251-500
text_only,680,2118,7rp47i,relationships,1,0,0.3138649506814628,428,false_negative,0.1861350493185372,0.2-0.4,251-500
text_only,66,246,9p2sqf,assistance,1,0,0.3123746180130999,488,false_negative,0.1876253819869001,0.2-0.4,251-500
text_plus_all_engineered,558,33288,7q0b1b,relationships,1,0,0.3076501692344217,406,false_negative,0.19234983076557832,0.2-0.4,251-500
text_plus_all_engineered,173,18787,7oy484,relationships,1,0,0.306475693925655,404,false_negative,0.193524306074345,0.2-0.4,251-500
text_only,507,1631,7pcjrr,stress,1,0,0.3047698170601758,230,false_negative,0.1952301829398242,0.2-0.4,101-250
text_plus_social,435,46814,7nk6dx,relationships,1,0,0.3043757972111605,437,false_negative,0.19562420278883952,0.2-0.4,251-500
text_only,516,37177,7zgmgv,almosthomeless,1,0,0.302270931020294,575,false_negative,0.197729068979706,0.2-0.4,501-1000
text_plus_all_engineered,420,17486,83blxj,domesticviolence,1,0,0.3017262357870827,372,false_negative,0.19827376421291731,0.2-0.4,251-500
text_plus_social,680,2118,7rp47i,relationships,1,0,0.2996740231365262,428,false_negative,0.2003259768634738,0.2-0.4,251-500
text_plus_all_engineered,647,206,7lz8ml,assistance,1,0,0.2979519907180092,462,false_negative,0.2020480092819908,0.2-0.4,251-500
text_plus_all_engineered,422,47842,9g4u6n,homeless,1,0,0.2966868377416533,335,false_negative,0.20331316225834672,0.2-0.4,251-500
text_plus_all_engineered,451,605,7qxc9i,relationships,1,0,0.2962561152362129,452,false_negative,0.20374388476378708,0.2-0.4,251-500
text_plus_social,324,1123,7pxhvl,relationships,1,0,0.2944283910066998,496,false_negative,0.20557160899330018,0.2-0.4,251-500
text_plus_all_engineered,455,1280,7ox06n,domesticviolence,1,0,0.2940123549202302,300,false_negative,0.2059876450797698,0.2-0.4,251-500
text_plus_social,291,1399,7o0wmh,relationships,1,0,0.2897180560960711,802,false_negative,0.2102819439039289,0.2-0.4,501-1000
text_plus_social,30,24942,9vhgbm,anxiety,1,0,0.2878580238567905,502,false_negative,0.2121419761432095,0.2-0.4,501-1000
text_plus_all_engineered,566,6333,8olck0,ptsd,1,0,0.2877664024957381,494,false_negative,0.2122335975042619,0.2-0.4,251-500
text_plus_social,66,246,9p2sqf,assistance,1,0,0.2791975252370858,488,false_negative,0.2208024747629142,0.2-0.4,251-500
text_plus_all_engineered,335,36366,6x8wt5,ptsd,1,0,0.2677116859684533,457,false_negative,0.2322883140315467,0.2-0.4,251-500
text_plus_all_engineered,438,1446,9shmvf,ptsd,1,0,0.2660544403155354,450,false_negative,0.23394555968446462,0.2-0.4,251-500
text_plus_all_engineered,90,33410,8ziz81,domesticviolence,1,0,0.2578204588353683,364,false_negative,0.2421795411646317,0.2-0.4,251-500
text_plus_all_engineered,33,61,7p30ks,relationships,1,0,0.2555877765424192,326,false_negative,0.2444122234575808,0.2-0.4,251-500
text_plus_all_engineered,207,402,8o7kgo,domesticviolence,1,0,0.2482946832290647,371,false_negative,0.25170531677093533,0.2-0.4,251-500
text_plus_social,174,1569,7oy484,relationships,1,0,0.2479965133585319,716,false_negative,0.2520034866414681,0.2-0.4,501-1000
text_plus_all_engineered,53,53,9i1o0k,homeless,1,0,0.2453201748506023,293,false_negative,0.2546798251493977,0.2-0.4,251-500
text_plus_all_engineered,423,24,9g4u6n,homeless,1,0,0.2422292155762139,394,false_negative,0.2577707844237861,0.2-0.4,251-500
text_only,174,1569,7oy484,relationships,1,0,0.2400675950096045,716,false_negative,0.2599324049903955,0.2-0.4,501-1000
text_plus_all_engineered,615,14650,6azpu0,survivorsofabuse,1,0,0.2273922974190574,514,false_negative,0.2726077025809426,0.2-0.4,501-1000
text_plus_all_engineered,519,475,6qat5o,ptsd,1,0,0.2272795709248708,442,false_negative,0.27272042907512917,0.2-0.4,251-500
text_plus_all_engineered,139,477,7rivr6,relationships,1,0,0.225850121659784,494,false_negative,0.274149878340216,0.2-0.4,251-500
text_plus_all_engineered,663,683,8yigx3,homeless,1,0,0.2195347267077821,535,false_negative,0.28046527329221793,0.2-0.4,501-1000
text_plus_all_engineered,257,93,8z4bps,assistance,1,0,0.2127153233187619,519,false_negative,0.28728467668123814,0.2-0.4,501-1000
text_plus_all_engineered,607,32700,93vhjc,survivorsofabuse,1,0,0.2103982113469074,399,false_negative,0.2896017886530926,0.2-0.4,251-500
text_plus_all_engineered,225,1304,77mvd7,survivorsofabuse,1,0,0.2035885774531449,254,false_negative,0.2964114225468551,0.2-0.4,251-500
text_plus_all_engineered,389,1449,7s4284,relationships,1,0,0.1971985826305771,279,false_negative,0.3028014173694229,0.0-0.2,251-500
text_plus_all_engineered,174,1569,7oy484,relationships,1,0,0.1968207195794794,716,false_negative,0.3031792804205206,0.0-0.2,501-1000
text_plus_all_engineered,195,1318,5z78hc,assistance,1,0,0.1961772461209648,429,false_negative,0.30382275387903523,0.0-0.2,251-500
text_plus_all_engineered,563,27186,5za8cn,ptsd,1,0,0.1913806948935917,303,false_negative,0.30861930510640834,0.0-0.2,251-500
text_plus_all_engineered,159,1132,8h5iaf,ptsd,1,0,0.1911070455285773,372,false_negative,0.30889295447142273,0.0-0.2,251-500
text_plus_all_engineered,669,2119,7qyrx2,relationships,1,0,0.1871392339744698,193,false_negative,0.3128607660255302,0.0-0.2,101-250
text_plus_social,175,2270,7oy484,relationships,1,0,0.1753456181187034,553,false_negative,0.3246543818812966,0.0-0.2,501-1000
text_plus_all_engineered,373,12639,8iykmv,survivorsofabuse,1,0,0.1749022618313642,649,false_negative,0.3250977381686358,0.0-0.2,501-1000
text_only,175,2270,7oy484,relationships,1,0,0.1723251804981164,553,false_negative,0.3276748195018836,0.0-0.2,501-1000
text_plus_all_engineered,12,53256,7vhnbx,ptsd,1,0,0.1695702143052667,363,false_negative,0.3304297856947333,0.0-0.2,251-500
text_plus_all_engineered,680,2118,7rp47i,relationships,1,0,0.1640135447629727,428,false_negative,0.3359864552370273,0.0-0.2,251-500
text_plus_all_engineered,509,1260,7ti5e4,relationships,1,0,0.1275759003570126,266,false_negative,0.3724240996429874,0.0-0.2,251-500
text_plus_all_engineered,516,37177,7zgmgv,almosthomeless,1,0,0.1270105174960523,575,false_negative,0.3729894825039477,0.0-0.2,501-1000
text_plus_all_engineered,324,1123,7pxhvl,relationships,1,0,0.1205009959954336,496,false_negative,0.3794990040045664,0.0-0.2,251-500
text_plus_all_engineered,322,18528,78sid3,ptsd,1,0,0.1176298760939188,410,false_negative,0.3823701239060812,0.0-0.2,251-500
text_plus_all_engineered,181,661,7qx6c6,relationships,1,0,0.0870648724312666,579,false_negative,0.4129351275687334,0.0-0.2,501-1000
text_plus_all_engineered,711,2212,7oeyuc,relationships,1,0,0.080066338196041,373,false_negative,0.41993366180395897,0.0-0.2,251-500
text_plus_all_engineered,507,1631,7pcjrr,stress,1,0,0.0799245925652172,230,false_negative,0.4200754074347828,0.0-0.2,101-250
text_plus_all_engineered,435,46814,7nk6dx,relationships,1,0,0.0773121454792753,437,false_negative,0.4226878545207247,0.0-0.2,251-500
text_plus_all_engineered,175,2270,7oy484,relationships,1,0,0.0408276459424631,553,false_negative,0.45917235405753687,0.0-0.2,501-1000
